id,employees,earnings,expenses,founded in
Swaniawski-Powlowski,168,335343,87169,2011
"Hegmann, Beatty and Swaniawski",145,876513,146123,2010
Anderson-Schuppe,735,563188,33340,1999
"Effertz, Osinski and Kling",772,374607,131280,1999
"Marvin, Hackett and Heaney",310,938490,195156,1991
Becker-Anderson,868,832614,163288,2014
"Jast, Stoltenberg and Bosco",135,561556,276792,1995
Cole and Sons,896,984433,296078,1990
Langosh Group,962,898614,158758,2009
"Olson, Pollich and Welch",979,525947,287087,2004
Monahan LLC,321,261015,161824,1997
Prosacco-Murray,779,832558,162636,2011
"O'Keefe, Fisher and Hartmann",503,902028,29651,1999
"Schowalter, Crona and Nitzsche",107,404338,263465,1990
Johns LLC,421,197847,80726,2005
"Runolfsdottir, Reichel and Eichmann",752,103664,239589,2008
"Glover, Wehner and O'Connell",110,387117,49424,1993
Harris-Bauch,262,147088,91269,2016
D'Amore-Simonis,539,651066,198225,2013
"Bogan, Reichel and Fritsch",797,360646,64578,1990
"Little, Bradtke and Lesch",618,184136,263888,2011
"Ortiz, Satterfield and Abshire",660,347141,162989,2008
"Ratke, Wisozk and Zboncak",991,906140,47272,1990
"Jaskolski, Hermiston and Predovic",988,282278,105107,2000
"Buckridge, Conn and Morissette",538,693157,92780,2001
Kunze-Bednar,840,718854,290771,2009
Klein-Rodriguez,449,241853,65518,2005
Breitenberg-Thompson,285,95261,190966,1990
Funk-Becker,844,850556,295730,1990
Bahringer and Sons,133,248264,108237,2016
Glover LLC,643,622741,188326,2000
Murphy-Cronin,563,141903,291263,2001
"Bins, Ziemann and Casper",692,423521,234364,2006
Kub Group,367,235013,147834,1990
"DuBuque, Farrell and Greenfelder",767,423184,231695,2012
White Inc,257,939283,185280,1994
Rogahn Inc,193,87223,127669,2012
"Mitchell, Lynch and Rolfson",635,870383,20786,2012
Breitenberg-Wolff,435,986454,277407,2015
Considine Inc,102,431250,204963,2003
Gutmann-D'Amore,842,275966,149425,2012
"Feeney, Bayer and Predovic",332,433039,298772,2016
"Greenfelder, Marvin and Grady",116,392977,232575,1996
Conn Group,415,960808,244291,1991
"Runte, Metz and Streich",537,429767,139512,2015
Waters Inc,897,141377,151853,1994
Bernhard-Wisozk,437,189752,187653,1999
Christiansen Group,725,907537,280775,1998
"Hyatt, Kunde and Spinka",175,181309,151097,2004
"Durgan, Collier and Hilpert",677,483490,292225,1998
"Armstrong, Beer and Christiansen",297,240428,13639,2013
Baumbach-Zieme,39,96422,200393,2006
Reinger and Sons,882,850550,124006,2010
Kertzmann LLC,693,888030,106187,2007
"McGlynn, Farrell and Huel",934,404192,15884,2009
Bradtke-Nader,306,827717,32994,1997
Wuckert-Konopelski,228,231019,15808,2014
Kihn LLC,581,218816,61600,2013
Connelly and Sons,884,889708,161791,1992
Abernathy-Jenkins,101,242194,237359,2005
Wintheiser Group,345,677477,242046,2013
"Greenholt, Purdy and Stanton",609,830931,150295,2002
Leffler and Sons,840,522507,65878,1998
"Hansen, Kuphal and Grimes",756,349422,270767,1996
Dooley LLC,27,618494,21023,2012
Steuber-Dietrich,519,559379,151582,1999
Hansen and Sons,486,132629,104629,2014
"Schowalter, Cartwright and Stiedemann",197,548143,44600,1991
Wilkinson and Sons,504,770029,183149,1990
"Rippin, Powlowski and Kertzmann",366,348047,152081,2015
Mohr Inc,377,208085,73352,1995
"Dicki, Hegmann and Ward",28,258694,266554,1992
Schumm-Olson,52,866414,21824,1997
"Olson, Anderson and Gerlach",52,488729,254372,2011
Murazik LLC,906,66637,92599,2006
"Zieme, Wyman and Casper",936,465765,270090,1996
Vandervort LLC,720,397728,47372,1995
"Fisher, Kozey and Hyatt",754,524469,26363,2007
Sawayn-Turcotte,841,847672,227480,2009
Rutherford-Goldner,470,484677,101723,1995
"Casper, Willms and Nicolas",245,816592,296939,1991
Ryan LLC,574,197958,251369,1996
"Tromp, Lehner and Wehner",932,372271,68646,1995
"Strosin, Conroy and Runte",159,982005,123666,2015
Stark-Crist,11,933318,49641,1994
Hartmann and Sons,796,651044,239814,1992
"Prosacco, Ullrich and King",439,521188,72938,1998
Hills Group,59,277475,236358,2006
Kassulke LLC,517,685321,133597,2015
"O'Conner, Gerhold and Lindgren",212,896240,56129,2012
Hackett and Sons,766,974306,265765,2004
Kuphal LLC,138,478773,80087,2007
Stehr LLC,11,164296,44373,1993
"Lubowitz, Fritsch and Hauck",736,127572,293761,2012
Lockman Group,350,452163,205701,2000
"Stroman, Hickle and Ward",494,249666,26695,2012
Purdy-Stokes,736,956382,81366,2012
Marks-Schumm,427,539776,146471,1991
Harvey-Champlin,545,63913,37648,2013
Rolfson-West,724,275375,288635,2013
Romaguera-Kris,180,311577,269884,2011
Anderson and Sons,149,575037,296846,1998
Kirlin Inc,451,331393,59338,2006
Ward-Hintz,717,565655,132269,2005
Hickle LLC,469,386628,164662,2009
"Johnston, Kunze and Franecki",741,290498,109291,1998
Okuneva-Fritsch,348,136478,59035,2015
Wolf-Weissnat,697,707688,137722,2000
Smitham-Mante,469,496541,265090,2005
Considine LLC,23,215161,104844,2007
"Kub, Koss and Kessler",387,203332,244180,1991
Kuhn Inc,528,826663,212491,2002
Corkery and Sons,49,675725,90275,2016
Ratke-Corkery,379,679319,294748,1998
Vandervort-Nikolaus,182,189519,239892,2014
DuBuque LLC,317,567090,285296,2004
Hermiston Group,860,708023,80087,2001
"Flatley, Flatley and Kling",824,866209,158200,2004
Auer Group,629,907646,165811,2006
"Bergnaum, Fritsch and O'Kon",905,994668,48508,2011
Boyle-Olson,63,285238,236373,1996
Wintheiser Inc,123,425322,27463,1999
Hessel LLC,494,435875,258729,2003
"Ondricka, Hettinger and Volkman",882,921464,194940,2014
Waelchi-Schinner,770,704559,241091,2002
"Miller, Bergnaum and O'Conner",934,240368,264715,2012
"Gottlieb, Tremblay and Stiedemann",479,701080,164283,2013
Sanford-Borer,511,857421,79626,1997
Trantow Group,142,702177,160967,1995
Nikolaus-Muller,165,372388,31242,2006
Abshire-Schmeler,294,218903,178157,1994
Crooks-Franecki,17,89725,270195,2015
"Boyle, Bradtke and Fritsch",574,200970,297230,2003
"Mitchell, King and Botsford",239,495998,23950,1993
"Veum, Wolf and Upton",316,131513,76661,1995
McDermott-Roob,412,387255,106408,2003
Bode-Hettinger,879,88781,51423,2014
Walter Group,701,241880,260244,1996
Hermann Group,402,539091,222311,2011
Prohaska Inc,120,245505,144784,2000
Lowe LLC,646,729507,242909,2003
Spencer and Sons,124,269251,16009,1992
Feeney-Schaden,753,666211,150632,2010
O'Hara Group,324,753277,107483,2001
"Brown, Wiegand and Runte",619,633790,190604,1990
Lynch-Rolfson,675,290814,155469,2004
Hane-Leannon,740,208842,232868,1997
Reinger-Hamill,742,942917,176172,2014
"Schmitt, Ratke and Okuneva",683,695399,139004,2002
Beatty LLC,457,932901,74328,2000
"Lowe, Kihn and Mosciski",733,800778,109031,1995
Kemmer-Rice,248,263681,286585,1991
Koch LLC,747,154970,178495,1996
Thompson-Williamson,60,123261,291818,2003
Lind and Sons,314,94158,99791,1998
Herman-Howe,702,662048,279208,2004
Jones LLC,898,158515,239255,1996
"Stamm, Dicki and Russel",101,954492,12232,2011
"Berge, Carter and Abshire",886,981944,259166,2005
Bode Inc,167,565355,31020,1994
"Johnson, Metz and O'Hara",593,995842,222586,2005
Windler-Bergnaum,267,812209,189770,2007
Schmeler LLC,368,816708,216716,1999
Grant and Sons,826,388703,78488,2014
"Rowe, McDermott and Cronin",179,536169,136791,2008
"Will, Marks and Cummerata",380,534568,297599,1994
Luettgen-Langworth,746,789743,108112,1996
"Bergnaum, Vandervort and Marks",651,754065,276324,2013
"Kemmer, Raynor and Kiehn",212,473319,283088,1991
Rempel LLC,840,971845,103785,2003
Dietrich Group,748,890782,221037,1994
Rosenbaum-Lueilwitz,717,322620,138183,2016
Hudson-Hoppe,666,635061,96697,2006
"Krajcik, Beatty and Brakus",826,236904,217945,1993
"Denesik, VonRueden and Robel",70,434210,258397,1992
Wisozk and Sons,269,388935,37309,2007
"Yundt, Rosenbaum and Adams",66,870127,241797,1995
Kiehn-Breitenberg,191,243128,12784,2000
Reinger-Zboncak,693,600629,107982,1990
"Beahan, Stamm and Simonis",110,304771,276290,1996
Boyle Inc,387,347744,35033,1992
"Mueller, Becker and Collier",413,284774,222832,1999
Murray Group,491,902175,93622,2015
Hettinger LLC,825,749344,93774,2000
"Schmeler, Rath and Stiedemann",558,929503,84934,2005
Glover-Wolf,215,274044,162273,2015
"Tromp, Waelchi and Aufderhar",559,518288,181349,2016
Witting-Beer,638,348616,97874,2016
Hirthe Group,433,434807,15401,2006
Herzog Inc,660,114944,214290,2001
Hoeger-Schamberger,985,332815,101994,1996
O'Keefe-Gottlieb,125,136081,101132,2004
Rempel LLC,47,402327,236992,2013
"Conroy, Keebler and Torp",855,704997,185592,1992
Oberbrunner-Senger,832,395546,254019,1996
"Medhurst, Kshlerin and Grady",756,644464,232675,2003
"Hand, Ziemann and Koch",117,625208,71468,2014
Sauer Inc,341,964470,250537,2010
Haley and Sons,674,835218,196319,2009
Deckow Group,68,558445,195750,1993
